product_id,avg_cost
13141,0.1875
13142,349.892473
13144,2.8464
13150,2.29
13153,155.0
13154,69.166667
13155,238.211382
13156,12.567901
13157,26.789634
13158,17.893923
13161,7.661667
13163,347.14
13165,7.385714
13167,8.702727
13168,28.627941
13169,127.304688
13170,330.563636
13171,1371.29805
13172,688.333333
13176,20.84058
13181,641.7
13182,873.21875
13186,85.394286
13189,2.633654
13190,19.440148
13191,10.641462
13195,478.9375
13197,6.33
13199,818.872739
13201,5.073412
13202,9.035263
13205,14.7
13206,12.483333
13208,43.573789
13209,22.439474
13210,19.602174
13211,37.515588
13212,39.72
13213,18.4015
13214,42.798896
13215,69.094675
13216,132.272834
13218,91.912
13219,76.458621
13220,825.420588
13223,85.0
13224,1882.765957
13225,213.529769
13226,36.555838
13227,50.837764
13228,2430.0
13229,1421.0
13232,1.557313
13233,11.938158
13234,7.51366
13235,25.979519
13236,21.793824
13237,68.528735
13238,42.329639
13239,8.873333
13240,36.934066
13241,1.796359
13242,1.2675
13243,301.264649
13244,6.652351
13245,2.69
13246,243.063717
13247,259.455875
13248,172.653725
13250,608.571429
13252,194.568
13253,60.859859
13254,3.453299
13257,456.077902
13263,2.0
13265,1118.411818
13266,13.881111
13267,13.92295
13268,440.004898
13270,32.288148
13272,4708.333333
13275,564.248927
13276,251.2
13277,45.969354
13280,484.162278
13281,415.274454
13285,158.4
13288,399.63794
13289,55.392105
13292,210.777647
13295,37.864077
13299,42.5
13303,560.235714
13307,370.885333
13310,71.915
13311,122.375
13313,3.802407
13314,175.293383
13315,299.713205
13316,273.597822
13317,12.235556
13318,42.1008
13320,39.566389
13321,52.41
13323,323.337577
13324,14.17
13327,6.63375
13328,3.24875
13329,3.38794
13333,638.698701
13334,1115.59569
13335,477.135077
13339,5.912761
13340,7.212479
13341,6.33
13343,342.596727
13345,191.405645
13346,15.235484
13349,142.062464
13350,94.636278
13351,65.835866
13352,1611.446481
13353,831.46911
13354,524.093193
13355,148.5
13356,154.457566
13357,276.961398
13359,171.0
13361,527.4
13362,736.51666
13363,9.6
13364,650.0
13365,81.870956
13366,55.040816
13367,19.061425
13368,19.593297
13378,4.32
13379,528.056426
13380,52.8
13382,17.12623
13383,10.210735
13391,455.987159
13393,141.731034
13397,63.6
13398,68.9
13403,612.75
13404,403.864286
13405,445.5025
13406,416.058567
13408,35.124424
13409,1.747059
13410,142.891823
13413,331.6125
13414,453.135312
13415,693.924143
13416,337.1875
13418,94.741065
13419,69.7965
13420,129.955149
13421,87.986225
13422,34.1388
13423,36.0
13424,15.940905
13425,29.64
13427,82.933333
13429,33.1875
13430,31.4
13431,110.341667
13433,200.347826
13435,9.640667
13436,16.02
13438,492.900902
13440,754.0
13441,508.991176
13442,42.492105
13445,27.29
13448,64.03
13449,1.609103
13450,20.554217
13451,448.828025
13454,12.652644
13455,243.873542
13456,48.954545
13457,4000.0
13459,6.446667
13462,21.924023
13466,28.751818
13467,30.190149
13469,41.003022
13470,133.666667
13471,152.032245
13472,236.389855
13473,0.593982
13474,0.833043
13475,1.241153
13476,7.741911
13477,21.726337
13479,240.472269
13480,10.79389
13481,848.591463
13482,2.666667
13483,1223.563196
13484,923.796512
13485,278.304845
13486,310.474783
13487,24.0
13488,58.97384
13489,4.006803
13490,25.224384
13492,22.480352
13496,43.479643
13497,101.4
13501,1073.823529
13503,30.677244
13509,567.085714
13510,50.513962
13513,235.965035
13515,250.48392
13516,170.595647
13519,154.939857
13520,303.0312
13522,194.825668
13523,128.088462
13525,133.036667
13526,195.868519
13527,297.425
13528,306.0
13529,222.301091
13530,273.97642
13531,317.319167
13533,47.765721
13534,27.34493
13535,127.173209
13537,141.172267
13539,3.095264
13541,5.765172
13544,2.194226
13547,44.416667
13551,40.761862
13552,48.858537
13553,43.57
13555,69.875
13556,42.13875
13557,32.171414
13558,10.38
13559,49.133333
13561,1.0
13562,37.003333
13563,9.835413
13564,5.883002
13565,22.93
13570,5.330769
13571,305.395556
13572,2808.502222
13573,42.435556
13575,850.0
13580,179.56676
13581,148.60459
13582,156.62875
13584,18.78
13586,565.50288
13587,881.886816
13592,13.0
13597,13.189515
13598,356.967871
13599,10.05
13601,210.288462
13602,175.0
13605,72.25
13608,20.668861
13612,321.606936
13613,27.355188
13614,271.386842
13618,313.75
13619,679.2
13624,268.610687
13625,49.092961
13631,436.5
13634,375.64486
13637,213.469972
13638,227.337317
13639,37.153516
13640,23.420513
13641,183.215259
13649,19.566988
13651,91.274395
13658,147.388661
13660,362.5
13664,21.751543
13666,18.402778
13667,158.103238
13670,22.528496
13673,170.0
13674,656.705175
13675,1061.107538
13676,1134.77929
13678,77.029412
13680,15.845636
13681,24.758496
13682,13.626174
13686,4.757255
13687,8.505167
13689,75.56106
13690,124.014774
13691,331.702532
13692,850.0
13694,3.824675
13695,28.89
13696,0.817244
13698,189.483108
13699,24.92158
13700,138.467786
13701,5.162857
13703,1933.333333
13708,4.595957
13709,2.303462
13710,16.84858
13711,102.444444
13714,7.025
13718,108.112308
13719,290.719231
13720,248.270968
13722,3.006479
13723,213.880651
13724,165.619405
13726,86.061197
13727,46.12
13732,683.1
13733,208.8388
13734,638.09
13735,410.492857
13738,85.0
13741,50.310946
13742,432.433243
13743,401.425926
13744,782.910221
13745,26.019165
13746,342.65
13748,51.606438
13749,1352.568
13751,51.441082
13752,127.338807
13753,285.732087
13754,12.764076
13758,16.0
13760,1800.0
13764,408.6
13765,141.0
13767,594.907527
13768,160.509186
13770,24.4
13771,135.0
13772,10.751064
13773,15.0
13774,100.598555
13775,108.095238
13779,493.380935
13780,11.914385
13781,15.17817
13783,366.3
13784,437.625556
13787,59.341379
13788,32.0696
13789,69.3
13790,90.514286
13792,74.204651
13793,68.810233
13796,18.432
13797,8.778883
13799,16.808331
13800,1571.7
13801,21.915092
13805,56.719381
13807,73.138742
13808,19.045455
13811,362.0
13812,14.54
13817,9.013412
13818,74.75
13825,816.666667
13827,1543.178977
13828,987.884615
13829,1224.362903
13830,36.058252
13832,32.9456
13833,47.5
13834,27.980392
13835,22.699187
13837,71.653333
13838,706.237895
13840,8.2075
13841,5.5
13843,135.196581
13846,157.5
13850,154.755172
13852,152.85
13853,160.174239
13855,0.912308
13856,20.879167
13857,3.996
13858,2.647368
13859,36.024621
13860,107.459016
13861,221.418279
13862,26.735632
13863,75.588235
13864,70.544444
13867,1136.063
13868,878.022222
13869,253.894
13870,30.0
13871,43.178008
13873,40.318696
13875,232.05
13876,1712.874251
13877,1145.953757
13880,364.555556
13881,133.229714
13882,8.578838
13883,290.0
13885,170.934167
13886,257.060851
13888,239.785714
13889,11.95
13890,240.0
13891,66.96
13896,21.064912
13897,278.317419
13898,422.780658
13902,1974.72
13904,12.629583
13906,13.04537
13910,13.5
13911,999.0
13912,477.08642
13913,173.866197
13914,206.842398
13915,453.213668
13918,97.814286
13919,106.519286
13920,103.534211
13921,1382.387879
13923,148.337113
13925,610.266906
13926,783.62292
13930,101.96
13931,150.261084
13932,276.29
13935,502.0375
13938,60.183778
13939,550.8
13940,555.028333
13942,381.312335
13946,63.492424
13947,952.802581
13951,7.0
13952,171.13253
13954,7.4
13955,87.08
13956,35.71
13959,11.176042
13960,0.69
13964,166.26302
13967,52.934211
13968,38.597023
13969,77.894068
13971,23.336667
13973,1374.908295
13974,40.824812
13976,30.97
13977,25.697841
13978,22.6575
13980,1.478125
13981,71.72721
13982,2.85
13985,8.037284
13986,0.65
13987,0.391333
13989,1.630277
13990,85.05
13991,17.961654
13993,164.477143
13995,823.161538
13996,600.186875
13998,13.42009
13999,2.145833
14000,51.24
14001,308.878
14002,633.142857
14003,684.173043
14004,401.595062
14005,654.591176
14007,34.385238
14008,55.57838
14009,688.630794
14010,41.988854
14012,11.07
14014,88.906571
14018,31.431727
14019,148.219048
14020,6.071299
14024,34.957368
14025,382.15032
14027,133.80531
14028,843.899038
14029,2.931687
14030,170.83257
14031,405.868655
14032,102.009378
14033,308.994703
14034,53.337927
14036,10.373188
14038,38.08
14040,310.5
14041,73.8
14044,63.48024
14045,240.25
14046,32.72
14047,86.4
14049,48.366471
14051,850.0
14052,20.121515
14053,670.77931
14054,169.269231
14055,2.930787
14056,11.874828
14059,578.0
14065,13.04375
14066,406.35
14067,643.486897
14068,619.4
14070,44.09
14074,28.041008
14075,81.9
14078,247.340426
14079,4.360435
14080,2.878031
14081,41.531739
14082,941.77
14084,12.168889
14085,34.2
14086,39.365385
14092,10.343333
14093,440.783333
14094,1432.363158
14096,6.025436
14097,76.478829
14098,54.210526
14099,372.0
14105,31.809063
14108,37.650323
14109,368.188793
14110,35.808824
14111,309.873986
14112,38.172414
14114,30.85039
14115,54.603913
14116,120.960729
14117,1366.019475
14118,1113.789474
14120,626.247368
14121,1148.903162
14122,1599.354074
14124,1875.0
14126,29.678961
14127,34.912912
14128,404.048148
14130,6.695667
14131,58.377358
14132,1224.937595
14133,646.896552
14134,362.095072
14135,22.178889
14136,47.89
14139,2.624
14140,215.893606
14143,81.009081
14144,117.747476
14145,64.436962
14146,24.411322
14147,43.783463
14148,10.812
14150,475.900559
14152,8.584527
14153,8.448448
14156,57.556
14158,80.219298
14162,38.011278
14163,28.89595
14164,30.499673
14165,82.727273
14166,87.124424
14167,81.524229
14168,540.0
14173,371.25
14174,24.396471
14175,302.352381
14182,172.859666
14185,23.8
14186,221.116956
14187,419.505266
14188,597.05284
14193,77.31
14194,118.19
14198,22.974384
14199,35.620455
14200,64.337302
14203,21.857143
14205,0.8
14208,49.298093
14211,4.84
14212,152.561049
14213,91.804279
14214,38.67
14217,0.366567
14220,24.5375
14221,29.80094
14222,450.0
14223,48.845325
14226,323.171519
14229,183.6
14231,142.726415
14233,7.25
14234,15.432223
14235,255.667213
14236,209.809324
14237,3.414815
14241,170.794009
14242,480.66
14243,21.134394
14244,22.669485
14249,796.8
14251,602.282511
14252,182.163299
14253,97.431936
14254,35.480444
14255,62.526237
14256,556.631875
14258,950.842105
14259,79.26398
14260,6.878424
14262,46.454074
14263,4.155102
14264,10.339697
14265,22.537527
14267,12.308
14269,178.192542
14270,224.394325
14271,9.397504
14272,185.487368
14274,182.042738
14278,384.9
14280,14.179833
14281,126.311786
14288,750.0
14289,47.0
14290,0.374688
14291,1.163571
14293,9.397595
14294,1100.0
14295,2233.8
14296,1151.1
14297,1510.856863
14298,18.502917
14300,2.086111
14301,44.229286
14302,31.5
14306,459.329474
14307,349.218889
14308,939.6
14311,119.182635
14319,196.47
14320,25.65
14321,31.42
14322,92.277683
14324,16.672871
14326,17.354091
14327,21.506207
14329,84.925833
14330,81.84
14334,90.0
14336,38.67
14337,599.14
14338,549.522487
14339,33.725
14341,475.0
14342,334.8
14344,15.055299
14345,9.6
14347,27.497917
14348,12.170895
14349,120.0
14350,39.423452
14351,65.839969
14352,425.0
14353,89.70368
14354,3.064231
14358,523.765223
14363,8.510573
14364,10.953364
14365,5.090566
14366,9.216383
14367,16.938889
14370,75.0
14371,162.0
14372,32.301481
14373,30.359063
14375,26.54
14377,41.745274
14379,169.485205
14380,72.942308
14381,102.319032
14382,6.414167
14383,187.201667
14384,84.984067
14387,80.619863
14388,64.8
14390,106.303214
14391,2.426667
14392,3.543411
14393,6.838585
14394,149.990109
14405,1.940244
14407,3344.0
14410,46.318502
14414,31.461796
14415,1.461081
14417,7.704
14418,193.574
14425,224.715227
14427,671.113514
14428,466.709195
14429,253.302326
14431,157.945015
14432,16.770667
14433,202.891649
14436,1283.208
14437,7218.808176
14439,1577.412727
14441,4.261467
14442,806.4
14443,28.925
14444,24.75
14446,38.23362
14447,28.050942
14448,26.685128
14449,22.69
14450,24.245806
14451,697.0
14452,5.59
14460,25.493492
14461,81.0
14462,81.0
14463,81.0
14467,53.845714
14468,17000.0
14469,95.2225
14472,17.25
14475,1.048963
14476,0.95
14478,625.10981
14479,31.623175
14480,273.888889
14481,5054.0
14483,484.370253
14485,492.795662
14488,14.453125
14489,48.07004
14490,2513.423333
14491,875.0
14493,48.274286
14494,72.273333
14495,53.358792
14497,37.01729
14499,20.169091
14503,22.608696
14504,72.27
14505,33.421111
14506,69.177143
14508,48.39722
14511,331.605435
14513,240.0
14514,45.505
14515,18.678431
14516,29.871429
14517,15.0
14519,152.166667
14520,94.564706
14522,36.920625
14526,37.334057
14536,57.2
14538,47.666667
14542,239.668971
14544,3.233491
14545,43.875
14547,770.0
14551,200.748257
14554,196.161141
14555,747.167143
14556,2007.142857
14558,2279.032258
14561,6500.0
14563,415.834921
14566,312.08
14567,26.746667
14569,140.089286
14571,171.446903
14572,2455.956522
14574,379.79718
14575,204.496187
14576,104.8492
14577,86.803514
14579,11.114474
14580,1974.791786
14581,96.732832
14583,10.22428
14584,42.18
14586,12.273185
14588,312.017143
14590,28.608
14592,42.931622
14598,78.025054
14600,8.955895
14601,22.4
14602,147.965805
14603,9.641156
14604,53.129229
14607,48.07139
14608,36.247216
14610,10.335
14611,9.416398
14612,8.1325
14613,41.767886
14614,17.286522
14616,37.5
14617,27.575935
14618,520.896667
14619,43.4625
14626,1034.697278
14627,51.325714
14631,518.21
14632,4.914286
14633,45.583057
14636,41.695989
14637,28.222188
14638,31.5
14639,28.0
14640,6.15127
14641,429.883946
14642,0.0
14648,40.386842
14649,226.0
14650,2.77
14652,8.187231
14653,9.645238
14655,49.178056
14657,128.1
14658,8.558516
14659,4.128995
14660,25.411446
14661,22.598
14665,65.837476
14666,37.5
14667,20.857273
14669,150.0
14670,210.0
14672,848.167043
14673,1976.875
14678,32.4
14681,31.84
14682,84.449118
14683,40.380556
14684,15.83
14685,8.421739
14686,21.71875
14688,27.354176
14690,518.9
14693,18.94
14695,54.0
14699,35.995132
14700,422.722489
14701,6.7189
14705,171.186441
14706,291.877907
14709,193.310943
14710,301.65814
14712,0.5
14713,1260.9
14716,49.304364
14717,129.066667
14718,39.598701
14720,1.095111
14722,18.12507
14723,14.879545
14727,960.902353
14728,526.5
14729,2.811053
14730,2.383034
14732,66.940548
14733,48.335
14736,4476.996667
14739,650.993838
14740,3571.671905
14741,85.892857
14742,39.48716
14745,3.38
14746,5.69
14747,2.934718
14748,5.92863
14749,15.001167
14752,134.772932
14753,35.921089
14754,1.358481
14755,12.322573
14756,1.217143
14759,35.302
14761,220.0
14762,0.937799
14763,1.035628
14765,28.997377
14766,34.984059
14768,30.550802
14769,62.95
14770,284.352299
14772,83.75
14773,123.216667
14776,157.7
14777,80.544091
14779,1609.7406
14781,66.280571
14782,89.841111
14783,21.459211
14788,627.033333
14789,20.53
14790,19.101667
14791,547.150093
14792,1174.791667
14793,406.427394
14794,490.533113
14797,346.484293
14798,53.160171
14799,35.947332
14803,32.58
14804,18.98
14805,25.97075
14807,18.4
14809,33.79931
14813,29.32
14814,21.558961
14816,34.682723
14818,38.084
14819,21.1
14820,98.564854
14823,25.2
14825,404.120229
14826,24.456497
14827,53.978
14837,408.286833
14839,36.21535
14840,0.261667
14845,275.318182
14846,651.803684
14847,383.863636
14849,8.246667
14853,16.21996
14854,10.53
14857,524.061111
14859,93.170732
14860,92.237443
14863,1656.202963
14864,24.822378
14865,44.871429
14866,29.0
14867,25.719331
14868,36.652857
14869,33.982727
14875,33.568529
14877,62.51641
14878,74.193753
14879,44.502847
14880,277.143333
14882,500.0
14883,188.693182
14884,187.483703
14887,37.151852
14892,53.74
14894,269.287968
14895,18.499093
14896,232.642489
14897,43.118462
14901,43.239509
14902,471.276817
14904,45.406667
14905,156.455
14906,41.114848
14907,52.546667
14908,52.11039
14909,347.397059
14910,12.096306
14911,2.88
14912,41.613306
14913,40.0
14914,51.0
14915,56.382516
14917,19.564328
14920,359.090909
14921,1275.0
14922,255.489932
14923,106.413922
14925,26.603636
14927,1.235942
14930,108.18
14931,20.388077
14933,1.87535
14935,34.0
14939,184.041289
14940,169.875
14941,200.0
14942,210.800711
14944,3.177143
14945,59.039655
14946,40.375388
14947,40.970654
14949,87.598571
14950,50.178333
14952,14.65928
14960,32.602979
14965,836.2
14971,41.217676
14975,270.227197
14977,215.224897
14985,537.852462
14986,345.6
14987,21.083097
14988,17.336441
14990,10.571429
14992,72.666667
14993,36.23
14994,72.0
14996,51.283333
14998,38.19
14999,34.787778
15003,32.151986
15004,166.744726
15005,0.8725
15006,1.003775
15007,92.92499
15008,114.031554
15011,61.451986
15012,96.653644
15014,370.5
15015,103.580376
15017,47.04
15019,807.5
15020,312.472769
15022,844.2
15023,1077.055556
15026,1116.29
15027,186.699779
15028,36.551471
15030,24.784158
15032,8.0
15034,7.13
15036,56.578135
15037,5.653949
15039,1800.0
15042,2750.0
15043,125.868421
15044,1730.769231
15045,58.360278
15048,67.22
15049,80.77
15050,80.77
15052,16.746223
15053,64.015385
15054,47.600108
15059,176.561469
15060,412.586061
15061,406.846288
15062,49.363333
15063,206.755349
15064,19.933359
15066,9.64
15067,115.483871
15068,130.0
15070,45.675867
15072,230.793617
15073,25.633659
15074,500.810645
15075,5.71
15076,7.39
15077,34.186667
15078,8.361071
15082,16.642813
15083,33.817391
15084,47.69
15085,21.6
15086,21.384652
15089,343.707347
15092,98.02629
15093,228.68354
15094,290.798036
15097,21.907925
15098,0.75107
15100,20.115591
15103,19.0
15104,91.5
15105,154.86
15108,691.973923
15113,1922.04
15114,59.382667
15115,1307.039918
15120,291.56
15121,71.42
15122,75.0
15124,45.180153
15127,1.404634
15128,203.573913
15129,1728.571429
15135,23.09561
15139,7.454138
15140,12.555816
15142,274.501586
15143,313.63
15144,9.999013
15145,17.546875
15147,2.263
15148,1.348934
15153,52.789751
15154,126.728894
15155,171.327812
15158,17.436316
15159,13.973659
15161,5351.35
15163,683.109804
15164,20.47
15165,21.946108
15166,119.880783
15167,94.032376
15170,185.882353
15176,746.857143
15177,1.335891
15179,95.777778
15180,200.244923
15184,20.721531
15185,50.502
15186,26.172093
15187,46.254479
15188,84.0
15194,15.359167
15197,69.22
15198,75.0375
15204,26.070273
15205,70.061538
15206,88.759445
15207,93.103646
15209,31.5
15211,47.427564
15212,1.216364
15215,22.3121
15217,245.016881
15218,1.424014
15219,53.04
15223,19.8
15224,34.0
15229,545.973721
15230,24.87
15232,131.050588
15233,7.3
15235,22.424105
15237,181.82
15239,28.098039
15242,71.24513
15243,79.872
15244,34.464
15247,9.937143
15249,28.326603
15250,43.65
15252,13.870668
15253,694.60766
15254,29.75
15256,12.209452
15257,326.011494
15270,754.616486
15275,251.362795
15277,211.5235
15279,379.859155
15280,536.0
15281,52.2
15287,6247.5
15295,86.79
15296,308.111667
15297,263.363333
15298,319.547368
15301,180.0
15302,295.0
15304,219.893333
15306,27.581858
15307,17.272778
15308,26.403765
15311,37.846316
15312,52.629318
15313,23.2
15314,27.226111
15315,33.25
15317,54.715385
15318,2828.314286
15319,1146.6
15320,1539.744034
15324,45.863533
15325,8.693333
15334,14.26
15335,21.72037
15336,315.711151
15339,0.713333
15341,229.719044
15342,30.8
15343,863.333147
15345,293.660714
15346,27.07444
15347,39.664
15348,12.2525
15349,10.018824
15350,36.835959
15354,48.414634
15357,607.203908
15358,309.789889
15359,312.674828
15360,581.49477
15363,1800.0
15364,20.688152
15370,352.0
15371,242.0
15374,194.193602
15375,461.1
15376,468.704618
15379,1598.0
15380,1701.786667
15382,85.87963
15383,431.690465
15384,798.209959
15388,20.036913
15391,1600.0
15393,196.956848
15402,27.937656
15403,742.954927
15404,470.711485
15405,912.790698
15408,8.95
15410,57.428571
15411,358.59902
15414,233.011705
15416,2248.061538
15417,119.374875
15418,1008.0
15419,190.604444
15420,112.8
15421,8.425
15423,154.823744
15426,658.846154
15427,900.0
15432,21.03
15435,90.456954
15436,84.348375
15437,18.0
15438,7.784628
15439,1361.111111
15451,74.0
15453,20.373782
15454,17.6
15455,10.039012
15456,14.840744
15457,113.4
15458,212.058099
15459,332.5
15460,20.233333
15461,1035.673333
15464,43.4
15465,120.295522
15466,61.217037
15467,110.071111
15468,17.7625
15469,42.777917
15471,4633.648649
15473,71.16
15474,100.65
15475,234.537801
15476,80.0
15477,58.055682
15480,46.426771
15481,2.448421
15483,13.767088
15484,8.00807
15485,56.578947
15486,197.122249
15488,1148.4
15489,901.5
15490,294.375
15491,71.255388
15492,22.511042
15493,50.396477
15496,259.024286
15497,41.21125
15498,738.0
15500,17.736923
15501,82.093023
15502,34.938354
15503,53.635733
15504,68.673636
15505,42.591919
15506,63.3189
15509,16.662188
15510,203.349686
15511,29.141671
15512,46.96377
15516,250.0
15518,19.98
15519,20.035556
15522,160.086562
15523,249.99
15527,8500.0
15528,1054.645217
15529,1079.385075
15531,1843.75
15533,143.45
15534,101.254545
15535,78.0
15536,37.12
15538,2.595969
15540,114.0
15541,452.16825
15542,475.447115
15543,292.639175
15545,246.4
15546,8.480556
15549,1181.3
15550,31.74
15553,184.861607
15554,659.090909
15555,13.537442
15558,28.397143
15559,3.941438
15560,17.014772
15561,13.454973
15562,40.831048
15565,13.696792
15566,34.657411
15567,106.886456
15568,27.235294
15570,508.391652
15571,832.1509
15572,70.415878
15573,156.84427
15574,52.081398
15575,51.903118
15577,36.493545
15580,83.61
15582,50.605
15584,87.657
15588,621.11661
15589,108.532051
15590,19.53791
15591,64.756829
15592,368.365604
15593,512.8125
15594,1100.0
15596,36.940769
15603,127.676271
15605,116.914286
15607,132.389778
15612,49.56
15613,430.0
15614,72.61
15618,286.468143
15624,16.901875
15629,37.472857
15630,180.0
15631,28.413415
15634,521.75
15636,223.886861
15637,221.131786
15638,61.27
15639,527.068241
15642,2342.857143
15643,2172.222222
15645,26.875
15646,513.0
15653,91.583333
15662,159.213624
15667,24.715254
15670,810.0
15673,60.0
15674,0.207077
15675,55.5
15676,0.640708
15677,333.05375
15678,75.0
15679,349.461333
15680,101.412416
15681,117.267863
15683,169.900433
15684,68.316316
15689,495.939227
15691,3779.411765
15693,3.857
15695,3.5
15696,4.649047
15699,41.95
15700,8760.0
15701,18.554545
15706,1837.8
15707,142.827327
15708,172.016322
15709,145.25032
15710,138.569375
15711,109.6225
15712,11.748011
15714,126.534599
15717,278.046053
15718,20.940982
15721,21.488053
15725,423.094549
15726,13.122727
15727,29.231538
15728,131.150513
15729,351.0
15730,242.744927
15731,144.67783
15732,153.927609
15733,22.348261
15734,13.289231
15735,20.587824
15736,20.653488
15737,15.588261
15738,98.18202
15740,357.666667
15743,83.098592
15745,2.255772
15746,100.854545
15754,13205.988235
15755,1200.0
15758,22.735256
15759,29.742013
15760,414.286499
15761,167.133333
15762,248.172258
15767,31.786085
15768,29.975
15769,32.889151
15770,48.83
15774,4.994036
15780,566.314286
15781,493.482906
15783,1540.302717
15784,17.177453
15786,207.217848
15787,1.0
15791,106.150327
15797,32.63
15798,29.527
15799,40.880081
15800,38.330714
15801,48.348023
15802,78.166667
15803,4500.0
15804,22.58
15806,229.722389
15807,62.948276
15808,37.687273
15809,447.8125
15810,32.394629
15811,320.0
15813,81.285
15815,47.276341
15816,45.669024
15822,15.0
15827,553.107143
15828,161.793478
15829,21.998
15830,878.0
15833,399.9625
15834,2627.621892
15835,349.840281
15836,59.130022
15837,17.194466
15843,16.233333
15844,17.905714
15847,14.9
15849,158.888889
15850,165.0
15852,1276.0
15855,48000.0
15861,137.693069
15863,4000.0
15865,1201.428571
15870,1900.0
15874,546.350365
15875,450.0
15877,200.396373
15880,3660.0
15881,3534.090909
15885,1100.0
15889,5650.0
15893,535.849057
15894,4412.2
15896,7214.666667
15897,3750.0
15898,116.0
15900,2416.666667
15902,4211.538462
15903,4880.0
15904,5623.727119
15906,22000.0
15927,2292.638462
15928,491.967273
15929,408.14619
15930,424.751324
15932,350.0
15933,352.830189
15934,630.0
15935,850.0
15937,300.0
15939,34.59
15942,1252.941176
15943,0.781429
15944,575.0
15945,561.037425
15946,566.666667
15947,574.56
15948,566.666667
15952,900.0
15953,1200.0
15956,77.339817
15957,1829.411765
15959,40000.0
15963,1271.428571
15964,585.059574
15974,321.74087
15988,200750.0
15989,1740.0
15990,608.097686
15991,600.0
15994,4000.0
15997,450.0
15998,3778.125
16006,491.2
16011,24000.0
16013,4075.0
16021,3790.0
16025,28000.0
16031,2500.0
16033,2500.0
16034,1200.0
16040,551.282051
16041,7875.0
16042,1705.882353
16047,3475.0
16050,1100.0
16060,2600.0
16064,950.0
16065,866.666667
16067,4512.903226
16069,4500.0
16070,4500.0
16071,4000.0
16076,11.275178
16077,11.475831
16078,20.0
16081,36.0
16082,1300.0
16099,700.0
16101,6844.0
16103,4952.380952
16104,6000.0
16108,3000.0
16112,2000.0
16133,323.0
16142,713.122172
16149,9000.0
16151,1500.0
16169,1477.2
16178,1850.0
16180,2625.928
16182,3625.0
16188,6241.0
16189,2139.130435
16191,2414.285714
16193,14527.26
16194,10440.0
16195,9849.387222
16196,10391.36
16197,13835.03
16199,1914.0
16201,8926.153846
16205,368.97
16206,8685.862
16207,9672.0
16208,396.0
16209,10227.5
16210,9380.0
16211,9834.0
16213,4753.75
16214,16640.0
16216,116.0
16217,67.428571
16219,87.5563
16220,9.285294
16221,77.051346
16222,78.980588
16223,340.531818
16224,249.63913
16226,1294.029851
16229,6206.666667
16230,5603.595506
16235,245.0
16240,7826.0
16244,1800.0
16245,1663.636364
16250,1755.384615
16251,1913.043478
16252,944.444444
16253,371.866667
16259,660.0
16265,350.0
16266,253.0
16268,10000.0
16269,2977.731959
16273,3500.0
16274,1260.5775
16277,1000.0
16285,131.764706
16289,4613.072727
16293,2824.2
16297,4000.0
16298,2900.0
16299,900.0
16301,3821.666667
16304,7500.0
16305,3000.0
16306,4291.25125
16309,25000.0
16310,389.285714
16315,2500.0
16317,165.789474
16324,442.828947
16327,3812.5
16330,1400.0
16335,1531.25
16338,75000.0
16341,2085.714286
16342,2403.921569
16344,3134.615385
16346,350.0
16347,156.578947
16350,5000.0
16351,2500.0
16357,400.0
16358,1400.0
16359,600.0
16361,1600.0
16370,500.0
16371,4403.225806
16373,4500.0
16376,2500.0
16381,5219.512195
16384,4500.0
16385,185.714286
16390,3000.0
16394,775.0
16395,153.333333
16396,257.142857
16397,800.0
16403,495.368421
16404,505.090909
16405,1200.0
16406,1600.0
16410,4906.666667
16413,2200.0
16414,700.0
16416,4500.0
16418,356.666667
16422,1500.3
16423,1400.0
16428,721.363636
16435,1606.060606
16442,1500.0
16443,1000.0
16456,1000.0
16458,466.666667
16463,4226.666667
16466,7600.0
16470,300.0
16476,23.968817
16477,8.967742
16479,1352.91205
16482,161.881188
16483,150.0
16484,250.0
16487,417.142857
16492,1083.0
16494,1742.222267
16496,7000.0
16502,980.0
16503,980.0
16509,4201.757576
16511,15.501916
16513,764.575
16514,553.655172
16524,25000.0
16528,5000.0
16531,4500.0
16537,590.76
16540,2275.0
16547,3200.0
16550,27.31221
16551,20.818182
16553,3353.33
16554,3471.428571
16556,1444.470588
16557,1200.0
16566,15000.0
16567,18000.0
16581,90.0
16582,90.0
16583,90.0
16584,90.0
16585,90.0
16586,90.0
16587,90.0
16588,90.0
16589,90.0
16590,90.0
16592,2917.217143
16595,885.0
16600,66.693735
16601,1800.0
16603,90.0
16604,90.0
16605,90.0
16606,82.531646
16607,80.0
16608,84.081871
16609,90.0
16610,86.0
16612,80.0
16614,14500.0
16615,20600.0
16616,350.0
16626,228.26087
16627,2960.01
16628,3000.0
16629,1650.0
16630,2750.0
16631,45.83
16635,25.25
16637,15000.001667
16643,17250.0
16644,15000.0
16647,1000.0
16648,156.73913
16649,76.472262
16656,3500.0
16658,14000.0
16660,90.0
16661,90.0
16662,90.0
16663,48.260163
16664,47.503778
16665,46.785714
16666,45.714286
16667,45.0
16669,90.0
16670,47.142857
16682,1400.0
16686,1781.818182
16691,3000.0
16694,13857.580645
16698,1900.0
16699,2550.0
16700,2443.902439
16702,2500.0
16703,2825.0
16706,2866.666667
16707,2030.553889
16708,3031.578947
16709,3031.578947
16710,4571.431429
16713,2337.5
16714,3376.923077
16715,2633.333333
16716,2403.571429
16717,3360.0
16718,2316.666667
16729,17013.333333
16731,28084.113636
16732,12612.957576
16739,616.666667
16746,350.0
16749,1029.275
16751,1098.674033
16752,750.0
16755,12064.0
16763,869.642857
16767,14.0
16779,6000.0
16786,544.736842
16791,81.875
16792,86.666667
16793,82.809917
16795,79.545455
16796,84.090909
16797,84.464286
16798,80.833333
16800,3500.0
16801,3609.756098
16803,3000.0
16807,6750.0
16808,5800.0
16811,8120.0
16816,3454.75
16819,380.965517
16821,9450.0
16828,8500.0
16830,1963.052209
16831,412.5
16833,80.0
16834,4000.0
16837,3500.0
16841,2800.0
16844,1865.306122
16845,1527.998667
16852,144.23
16855,2400.0
16858,4300.0
16859,333.571429
16860,3425.0
16861,1500.0
16870,3357.777778
16877,23247.0
16884,25000.0
16889,752.58
16891,735.833333
16894,543.601818
16895,11484.0
16896,29.2835
16897,7.840909
16898,350.0
16900,1671.428571
16903,1950.0
16904,300.0
16905,2108.571429
16907,3500.0
16908,2615.865385
16915,3500.0
16918,16500.0
16929,6125.04717
16934,217.78662
16935,152.718862
16941,5119.047619
16945,42.6
16949,1523.0
16953,600.0
16957,749.999576
16958,257.675
16961,23548.0
16962,511.8
16963,1650.0
16970,7540.0
16971,1154.166667
16978,45.833333
16982,4000.0
16984,11600.0
16995,2800.0
16996,36866.666667
16997,500.0
17006,11286.0
17009,104.109589
17010,14000.0
17012,1069.455631
17013,2800.0
17014,3900.0
17016,1200.0
17017,861.236663
17018,2629.109804
17022,1400.0
17024,185.0
17028,245.69
17029,74.068493
17030,18560.0
17031,8500.0
17035,44.862857
17042,45.0
17043,35000.0
17047,350.0
17048,1200.0
17049,350.0
17052,1338.461538
17059,16500.0
17065,1900.0
17067,779.809091
17068,1494.129428
17069,2770.449817
17081,680.0
17082,712.441453
17087,32500.0
17088,7500.0
17089,7500.0
17091,2200.0
17095,15166.666667
17101,150.0
17102,210.0
17105,9995.0
17107,157.5
17108,1200.0
17109,1200.0
17112,550.0
17115,455.0
17120,8300.0
17121,1500.0
17123,5666.666667
17125,153.0
17142,6516.666667
17145,900.0
17150,75.368354
17152,67.704306
17153,500.916667
17154,550.0
17159,433.529412
17161,48.72
17163,1295200.0
17171,32073.846154
17176,550.0
17178,13500.0
17180,75000.0
17182,24.0
17183,54.693277
17184,13.533333
17185,224.27125
17186,238.889444
17187,105.65122
17189,158.176264
17191,88.941176
17192,120.371111
17194,425.0
17198,4400.0
17203,6375.0
17209,5000.0
17210,4000.0
17211,4000.0
17212,5658.333333
17217,1740.0
17220,40822.256776
17221,3500.0
17229,2500.0
17232,93800.0
17237,8000.0
17239,24000.0
17243,11660.0
17245,2400.0
17247,15775.0
17258,24000.0
17260,13.078818
17261,4475.0
17263,370.0
17264,411.0
17266,261.021378
17267,165.0
17272,4200.0
17274,1471.294118
17286,559.090909
17291,14531.25
17292,17000.0
17295,140.0
17321,2200.0
17328,600.0
17329,333.333333
17331,500.0
17333,350.0
17335,5.785249
17337,70.83
17339,1097.083
17340,78.826824
17341,1219.512195
17342,847.368421
17343,900.0
17345,686.363636
17347,939.734783
17348,842.507395
17349,608.686197
17350,1134.090909
17351,1076.470588
17352,593.147778
17354,1100.0
17363,482.27991
17366,5265.384615
17374,1764.308881
17378,800.0
17381,125.436667
17386,4074.62
17387,69.500528
17390,85.109319
17391,12017.5
17392,6208.5
17396,12000.0
17398,4899.142857
17399,35.0
17400,1354.545455
17405,4500.0
17409,2194.843396
17410,487.5
17411,6960.0
17418,10970.0
17421,10000.0
17423,9785.0
17428,24000.0
17438,1497.058824
17441,11575.0
17444,18500.0
17445,3770.909091
17454,150.0
17459,114.12522
17460,350.0
17461,3807.692308
17468,19595.0
17473,2500.0
17474,2500.0
17481,18000.0
17496,1536.697248
17497,1854.545455
17498,1000.0
17504,20880.0
17506,509.876543
17509,98.580645
17510,2200.0
17516,32000.0
17517,53.935278
17519,80.8
17521,18.96
17522,1.0
17523,450.0
17539,1096.666667
17544,13081.0
17547,170000.0
17563,4.435115
17564,8857.142857
17565,725.0
17572,1665.478049
17580,1571.428571
17584,850.0
17587,48500.0
17592,405.0
17593,270.0
17598,16.8
17601,9800.0
17612,354.7
17614,5217.058824
17619,60.0
17620,120.0
17621,76.501417
17631,16.411765
17632,28000.0
17635,450.0
17641,479.741803
17642,989.705882
17644,37.643426
17646,3.585714
17647,866.666667
17648,32.5
17649,29.689055
17650,31.062281
17651,29.07292
17652,25.0
17653,972.142857
17654,5700.0
17658,55000.0
17662,2628.75
17664,8.311292
17665,113.75
17670,40.384615
17673,637.5
17681,216.0
17687,1042.105263
17688,808.44759
17689,1486.156667
17690,1646.828571
17699,3500.0
17701,650.0
17702,1600.0
17703,1500.0
17704,1692.857143
17706,6500.0
17712,850.0
17713,777.666667
17714,836.117647
17717,23200.0
17724,121.545984
17725,2500.0
17726,1000.0
17727,2285.714286
17730,1200.0
17731,2303.030303
17733,4275.0
17736,900.0
17743,1200.0
17744,2000.0
17745,540.668819
17754,3491.38
17755,5000.0
17763,10170.0
17770,1597.735294
17771,1696.480687
17773,3022.573846
17774,3415.44
17775,6.897059
17779,165.0
17780,1400.0
17781,180.2
17782,1371.0
17785,5800.0
17787,3100.0
17790,961.363636
17791,3675.005
17794,13.333333
17799,5500.0
17801,9868.0
17803,3190.0
17804,1406.0
17805,66.605823
17815,1965.555
17816,909.098919
17817,4600.0
17818,724.695652
17819,2066.666667
17820,375.0
17821,451.911111
17822,979.202247
17823,4280.0
17824,990.478632
17825,980.057971
17826,1106.480556
17827,628.090909
17828,1.0
17829,394.666667
17830,2701.923077
17838,21508.908
17839,15490.37
17840,845.78
17841,24463.927857
17842,25719.09
17850,193.636364
17851,8999.0
17859,32000.0
17860,18812.0
17862,1200.0
17863,61.58
17865,8500.0
17876,369.374069
17877,800.0
17879,15333.333333
17881,1200.0
17883,950.0
17890,5021.66
17897,2276.108889
17899,14000.0
17900,2217.463333
17904,675.15
17910,1826.8
17911,12.703563
17912,12.243442
17916,500.0
17917,45.333333
17924,1514.62
17926,24.581089
17927,108.364
17928,1273.170732
17929,1176.744186
17930,1200.0
17931,1505.405405
17932,1525.352113
17933,1479.069767
17934,500.0
17935,500.0
17936,509.375
17937,500.0
17938,500.0
17939,500.0
17940,500.0
17941,500.0
17942,514.285714
17943,500.0
17944,500.0
17945,508.695652
17946,500.0
17947,500.0
17948,509.090909
17949,526.315789
17950,500.0
17951,500.0
17952,500.0
17953,500.0
17954,500.0
17955,520.0
17956,500.0
17957,560.0
17958,500.0
17959,500.0
17960,500.0
17961,511.111111
17962,500.0
17963,511.904762
17964,500.0
17965,500.0
17966,500.0
17967,500.0
17968,55.775335
17969,372.991209
17971,1125.0
17973,157.769416
17974,629.473913
17975,417.0
17986,45.059859
17991,17.28
17997,289.519231
18001,2500.0
18002,2500.0
18003,216.273602
18004,996.932195
18005,7.920128
18006,9000.0
18019,30.0
18020,37.0
18021,37.0
18024,39.753715
18027,194.5
18028,622.2
18029,715.385714
18031,6756.0
18033,2041.666667
18034,50.0
18038,567.426327
18039,850.0
18041,5637.212727
18042,1200.0
18050,150.0
18051,150.0
18054,2000.0
18056,1254.545455
18061,410.0
18068,473.264826
18069,5.47807
18070,2.77
18072,800.0
18075,1.295425
18077,3800.0
18082,170.0
18083,400.0
18091,25.803125
18092,34.158689
18093,870.0
18096,899.504118
18099,721.514918
18102,1870.4
18103,3984.210526
18106,2095.252
18111,16.07
18112,400.0
18113,68.063852
18114,700.0
18120,988.23
18121,1229.01
18122,6.967249
18123,48.432
18124,1200.0
18126,372.0
18127,218.22
18130,17.090556
18132,50.284723
18134,13.815789
18135,350.0
18136,6000.0
18140,5308.871429
18141,7882.7
18145,14829.230769
18147,15016.963333
18148,15019.963333
18150,45.995333
18151,55.697568
18154,16.052333
18156,6.246053
18157,15.42
18165,206.25
18166,206.25
18168,130.0
18173,46.99463
18174,295.0
18175,180.0
18177,37.033333
18181,60.278
18183,19.0
18184,47.5
18185,95.0
18192,1400.0
18195,312.451111
18196,2900.0
18199,986.0
18206,19.078788
18209,4.5
18213,103.876868
18215,12000.0
18216,2500.0
18217,2619.7
18218,21.33
18219,9.5
18220,19.0
18221,47.5
18222,95.0
18224,324.092308
18225,85.75
18229,4.671429
18230,27.090051
18231,129.168448
18233,56.220769
18236,43.74
18237,1450.0
18238,833.675
18247,102.48
18250,51.8
18256,185.0
18257,3520.835
18258,541.67
18261,350.0
18265,55.548031
18266,13.396667
18270,1872.057143
18271,1358.522727
18272,52.65
18274,15000.0
18275,26702.570714
18276,23478.482308
18277,9230.0
18278,500.0
18279,2166.666667
18282,239.294872
18283,287.5
18285,830.555556
18286,900.0
18287,850.0
18291,24000.0
18292,892.882857
18293,7410.0
18295,63.455535
18296,55.26356
18297,134.157303
18301,414.303115
18302,13.177739
18305,0.0
18306,34.833077
18309,16382.455
18310,16382.455
18311,15264.444444
18315,105.928264
18317,328.7
18318,37.0
18319,193.8
18323,34.94
18324,36.07
18325,1097.295455
18326,17.221364
18327,25.0
18328,781.24375
18334,29.767442
18336,350.608696
18337,195.883088
18338,198.2375
18339,54000.0
18340,120000.0
18345,680.0
18346,17571.428571
18347,19088.571429
18348,477.172941
18349,4428.857143
18355,174.901176
18356,60.751553
18357,67.367
18359,34.4875
18360,9.5
18361,0.048793
18362,1303.956835
18363,23000.0
18365,1740.0
18368,210.0
18369,22.4
18372,58.33
18373,8.338125
18374,65.512126
18375,53.538462
18376,37.759029
18378,1097.2
18380,772.108696
18387,7.186364
18391,90.0
18392,2008.753455
18393,2910.667273
18403,12760.0
18404,49.629857
18410,3400.0
18411,884.217391
18413,16500.0
18415,19500.0
18417,1058.35375
18418,342.897273
18420,15660.0
18421,3500.0
18422,522.5
18424,1239.3
18427,82.987076
18431,54.198312
18436,938.63
18437,29.260408
18438,100.143182
18439,17.5
18440,8.67
18441,950.0
18442,1021.337
18444,133.076923
18445,8500.0
18447,13588.333333
18448,12237.5
18449,10200.0
18451,12374.99875
18452,12374.99875
18453,10500.0
18457,1800.0
18459,19226.340833
18466,1424.940734
18467,578.0
18474,7378.378919
18475,867.826957
18476,1800.0
18480,373.231222
18488,7.0
18489,2185.907273
18490,1147.353413
18492,33.561765
18494,20.57
18495,1067.393333
18498,15.952756
18499,16.574713
18500,15.538462
18501,14.711425
18502,16.992288
18503,17.028743
18504,18.149254
18505,3800.0
18511,644.444444
18512,286.5625
18519,81.732388
18520,418.530769
18527,183.927419
18530,51.0
18532,660.03
18537,136.956
18538,275.0
18542,1700.526316
18544,10232.142857
18545,147.371084
18546,10200.0
18552,22857.145714
18553,17500.0
18554,110000.0
18556,1391.81
18557,49.79625
18558,66.737456
18560,150.220029
18562,77.5
18563,32.105532
18564,7310.0
18565,2122.222222
18566,2500.0
18567,500.0
18568,90.264
18569,366.867725
18570,1600.0
18571,2000.0
18572,1662.068966
18573,1525.0
18574,527.083333
18575,2150.0
18576,26.786115
18577,26.782968
18578,54.0
18582,60.0
18586,6500.0
18598,585.225
18605,1146.283333
18606,862.17875
18608,2414.285714
18609,27.19
18610,233.135945
18611,53.89187
18612,25000.0
18613,30.047323
18614,1250.504605
18615,13512.4
18616,148.12973
18617,54.571429
18619,5000.0
18621,630.0
18622,35.0
18623,32.642344
18625,449999.99
18626,489.692574
18629,173.573312
18630,974.117647
18631,185.88685
18632,9800.0
18633,12000.0
18634,9800.0
18635,1800.0
18636,0.0
18637,0.0
18638,9799.6
18639,1377.728571
18640,1239.3
18641,3.398214
18642,50.0
18643,5000.0
18644,455.405368
18645,34.558704
18646,1155.667778
18647,25.0
18648,14.58
18649,397.638554
18650,99.165
18651,11.0
18652,49.523571
18653,95.23
18654,306.4
18655,84.428571
18657,25.667925
18658,20.0
18660,218.152083
18661,44.85
18662,40.65
18663,3.71
18664,302.74099
18665,2.947179
18666,5700.0
18667,23.026786
18668,18000.0
18669,10782.857143
18670,675.666667
18671,91.575
18672,13.759398
18673,135.72
18674,5000.0
18675,30.874074
18676,46.209167
18677,34.615385
18678,21.375
18679,47.22
18680,134.85
18681,5.83
18682,116.862169
18683,270.182857
18684,180.076087
18685,1109.333333
18686,2874.418605
18687,2992.708333
18688,3200.0
18689,8700.0
18690,612.93
18691,6680.0
18693,1.73
18694,262.286154
18695,17.5
18696,176.531579
18697,76.5
18700,57.142857
18701,81.0
18702,15000.0
18703,22.08
18704,3470.0
18705,6000.0
18706,44.848039
18707,26.92
18708,36.83
18709,28.089297
18711,70.175439
18712,0.0
18713,158.924121
18714,20.265645
18715,86.4
18716,149.400357
18717,17966.666667
18718,450.0
18719,8000.0
18721,9055.555556
18722,2460.0
18723,13625.0
18724,0.1
18725,26000.0
18726,127.548113
18727,1217.857143
18728,9.77
18729,158.33
18730,125.911111
18731,17.115
18732,120.0
18733,99.872857
18735,12.990612
18736,812.0
18738,5250.0
18739,17.411667
18741,373.441395
18742,69.35
18743,93.6
18744,3724.285714
18745,150.5
18756,10333.468
18757,10504.2
18759,32576.651667
18760,400.0
18761,5690.0
18762,1153.04878
18763,300.0
18766,1700.0
18767,9594.827586
18768,20802.857143
18769,13920.0
18771,0.05
18772,72.875
18773,650.0
18774,750.0
18775,2500.0
18776,2500.0
18777,2500.0
18778,50.0
18779,55.827411
18780,66.726667
18781,97.73913
18782,19.64
18783,71.02551
18784,180.0
18786,101.27451
18787,8.101954
18790,276.72
18791,381.78125
18793,250.0
18794,11600.0
18798,990.83
18799,2500.0
18800,1400.0
18801,17.571429
18802,626.556129
18803,644.311111
18804,85.75
18805,395.038148
18806,151.562154
18807,38.518519
18810,279.999633
18812,5.154471
18814,208.218057
18815,3.963072
18818,138.33
18823,40.431034
18825,794.706943
18826,131.0
18830,
18831,
18832,
18834,
18837,
18838,
18844,33.33
18848,207.71
18849,108.33
18850,43.394308
18851,106.25
18890,79.44375
18891,4898.148148
18892,1000.0
18894,70.0
18895,87.05
18896,99.81
18897,43.066087
18898,74.007726
18899,78.026364
18924,2000.0
18930,6500.0
18940,6500.0
18965,
18966,261.06093
18982,
18990,
19003,350000.0
19023,5500.0
19024,27.777813
19026,16.04878
19027,81.538462
19028,110.0
19029,1.113876
19030,87.315185
19032,120.0
19033,50.0
19036,2400.0
19064,700.0
19066,35000.0
19067,150.0
19068,150.0
19069,100.0
19070,100.0
19071,131.25
19072,37000.0
19073,38000.0
19074,59.182993
19075,72.756154
19076,106.120408
19077,130.475238
19078,145.133451
19079,300.0
19080,192.424848
19081,173.335
19082,5.427549
19083,10.33351
19084,16.115248
19086,10.317878
19089,10.361266
19135,
19150,50.0
19152,1000.0
19153,265.0
19154,120.0
19163,300.0
19165,252.960784
19179,85.016398
19180,45.336957
19181,43.917143
19182,5.581023
19183,37.5
19184,38.163462
19185,17.011548
19187,143.441667
19190,7.555705
19191,28.347601
19192,21.956986
19193,55.509524
19194,95.798954
19195,236.338843
19196,434.88809
19197,21.87019
19198,27.493773
19199,53.517375
19200,96.287671
19201,4600.0
19202,4800.0
19203,3040.0
19204,4150.0
19205,152.860621
19206,61.638909
19207,108.8875
19208,6.985133
19210,3.666875
19212,23.674783
19213,9.221511
19214,22.917647
19215,16.767273
19217,189.609106
19218,48.33
19219,1850.0
19220,547.718421
19223,2.778098
19225,459.588914
19226,6.406985
19227,104.04
19228,2403.981587
19229,6.72
19231,41.121036
19232,1609.404762
19233,4.17
19235,93.85235
19237,1.61
19238,20.0
19240,204.858757
19241,0.49
19242,2.729177
19243,6.943333
19245,19.76487
19246,220.760328
19247,3.973679
19248,453.379459
19249,56.525455
19250,320.689565
19251,20.297727
19252,42.5
19253,158.073125
19254,127.4
19255,320.0
19256,8.29
19273,194.132979
19274,17.501573
19275,37.529801
19276,108.408267
19278,243.828061
19279,97.672414
19281,30.0
19282,63.0
19284,348.670417
19314,17.78587
19322,5.414286
19330,171.881815
19333,87.0
19334,20.917395
19339,8887.5
19344,125.973347
19357,347.6
19369,11516.076667
19370,3094.230769
19372,1031.914286
19377,164.86375
19378,187.153846
19379,574.17
19381,405.0
19382,23.33
19383,5.462222
19384,26.074583
19388,3.033333
19391,712.333333
19392,180.0
19394,21.5676
19395,242.5
19398,321.0
19400,4.0
19406,7304.442174
19412,49.79
19415,19.718108
19416,140.0
19419,25.901786
19422,0.73
19423,48.454545
19425,18.317105
19430,908.111111
19432,18.883333
19433,4.5
19434,116.523188
19435,32000.0
19436,110230.0
19438,105.714286
19439,60.280526
19440,97.122632
19441,167.913043
19442,303.33
19453,58.473333
19454,109.545455
19456,459.92
19459,73.352941
19462,116.595952
19463,72.22
19464,17.759508
19480,3.0
19486,2.75
19488,79.2
19490,200.419048
19505,1.0
19508,250.0
19509,200.0
19512,10.751013
19514,177.857143
19515,40.6
19527,
19532,5000.0
19534,200.528947
19535,209.801829
19543,279.743115
19544,20000.0
19569,70.0
19571,181.0
19573,4500.0
19577,13.4308
19578,41.67
19586,193.795411
19590,2300.0
19625,65.0
19626,780.0
19645,4500.0
19646,169.230769
19647,19.983
19656,1.0
19660,69.185806
19666,8.428732
19673,95000.0
19702,60.247318
19703,311.388974
19704,66.387353
19709,73.789474
19714,16000.0
19729,6.305
19730,3.021667
19731,4.325
19732,5.4
19734,0.791667
19735,13.082286
19736,48.526471
19738,15.432188
19761,5.240625
19764,2500.0
19790,549.509889
19792,250.0
19793,2500.0
19795,200.0
19811,830.288462
19839,371.595238
19841,34.913043
19848,38.099189
19849,85.2
19850,41.586
19853,250.5
19866,16320.57
19867,18032.0
19868,17897.833333
19869,18085.666667
19870,18354.0
19871,18.33
19880,50.187727
19881,180.0
19884,34.982975
19886,44.385179
19917,11000.0
19919,4000.0
19926,1.0
19928,53.299627
19929,67.528736
19951,26.02
19964,162.0
19974,35.460428
20036,800.0
20042,5000.0
20043,7800.0
20051,2600.0
20054,45000.0
20058,1124.736842
20061,2620.111111
20081,0.0
20082,0.0
20083,0.0
20084,0.0
20085,0.0
20086,216.972577
20087,0.0
20097,60.970323
20098,31.970443
20117,58.928571
20164,45.0
20172,74.211399
20195,491.666667
20196,428.571028
20226,69.675676
20227,55.5
20234,1.0
20254,996.697286
20258,3626.315789
20259,3632.758621
20262,554.516129
20263,307800.0
20264,1620.0
20265,21187.666667
20267,2000.0
20270,130.052143
20275,7.131148
20277,23.1
20278,17.1375
20279,7.64
20322,45.0
20339,155.584615
20340,34.7
20341,27.503226
20344,40.0
20377,90.0
20385,1.0
20386,30.0
20393,1000.0
20412,580.0
20413,29.058519
20415,1677.78
20416,2380.954286
20417,350.0
20418,350.0
20419,1633.333333
20420,2916.666667
20421,2275.0
20422,141.363636
20423,90.0
20438,2600.0
20440,1925.0
20459,2.94
20460,25.0
20495,47.14
20505,123.647799
20518,89826.43
20519,99174.73
20520,53659.75
20521,59289.24
20531,629.411765
20545,23.295257
20547,15.45
20548,8000.0
20549,0.0
20550,18.866667
20551,47.166667
20552,94.333333
20558,2585.714286
20559,8.65
20587,152.0
20588,
20593,28000.0
20595,23666.666667
20605,
20606,
20608,121.45534
20613,34418.9
20614,34418.9
20615,34418.9
20616,18056.51
20617,18056.51
20618,15051.56
20619,30049.46
20620,11411.643333
20621,36891.083333
20622,46482.77
20623,5902.58
20624,8853.86
20627,277.459231
20650,12001.896667
20666,1387.047619
20667,49.132613
20681,
20693,9.433333
20697,
20698,
20705,3963.2643
20706,29.63
20708,71.67
20710,3500.0
20713,320.0
20727,136.454545
20731,535.0
20743,1095.0
20757,61.267941
20774,32000.0
20778,25.0
20780,54.193333
20797,850.0
20799,850.0
20800,850.0
20807,21995.0
20830,10830.0
20847,83.62175
20856,4141.2
20857,341.428571
20867,16100.0
20870,1304.7648
20907,19419.462
20931,5350.0
20932,510.0
20937,1200.0
20942,1110.799091
20952,12.28
20953,180.0
20963,400.0
21012,85.0
21040,612.941176
21041,2675.0
21042,287.105263
21043,516.0
21044,874.222222
21045,1101.0
21046,279.6
21114,1700.0
21115,1500.0
21116,380000.0
21117,1050000.0
21118,1450000.0
21119,270000.0
21120,1450000.0
21121,450000.0
21122,24000.0
21123,12500.0
21124,22500.0
21125,6500.0
21126,16500.0
21127,385000.0
21128,17800.0
21129,190000.0
21130,32000.0
21131,4750.0
21132,0.0
21154,4422.0
21155,849.0
21163,46.75
21164,20.618025
21176,1184.0
21178,3000.0
21179,113.60463
21180,73.934884
21185,3823.809524
21220,10127.5
21221,469.5
21222,5475.0
21223,9715.0
21224,11855.0
21225,6547.0
21226,181.2
21227,168.0
21228,241.5
21229,79.0
21230,244.705882
21241,748.506667
21242,1055.01
21243,953.0
21244,211.25
21258,3500.0
21259,956.666667
21260,4800.0
21261,4000.0
21262,3100.0
21263,3100.0
21264,2099.999091
21265,3100.001667
21266,3200.0
21267,3200.0
21268,2500.0
21269,2800.000385
21270,11600.0
21271,14400.0
21272,14400.0
21273,1096.0
21283,5.48855
21302,60.0
21303,4070.0
21328,868.75
21342,6148.66
21343,58.14
21344,299.25
21367,42495.0
21394,42.606667
21395,45.491667
21398,800.0
21401,480.0
21406,41.882821
21407,190.0
21408,90.0
21409,90.0
21413,300.0
21420,67.651515
21421,72.83871
21422,0.91
21423,27.5
21437,61.56
21438,280.55625
21439,141.7
21456,36.0
21495,120.0
21504,10.49
21505,934.285714
21506,105.998222
21507,53.653125
21508,600.0
21514,6.028493
21515,34.641975
21516,560.0
21517,3600.0
21518,3600.0
21519,137.0
21545,113.54
21546,226.334
21547,439.002
21548,112.5
21569,9.523636
21570,21270.4
21571,12627.692308
21572,
21573,
21574,
21581,8407.272727
21582,5770.0
21588,107.323944
21617,400.0
21638,9.4
21639,10.598
21642,106.774286
21647,14.0
21650,1045.19087
21657,1056.25
21658,599.355469
21659,1002.483333
21660,1866.666667
21687,824.166667
21688,2850.0
21700,300.0
21701,23.2
21702,666.128
21703,249.0
21704,551.666667
21705,51.67
21706,680.0
21727,120.0
21745,191.640263
21746,106.616687
21747,1480.0
21748,1218.8595
21749,333.007059
21755,3800.0
21769,130.331492
21770,3.0
21791,9.994221
21794,0.647059
21795,1350.0
21796,235.483871
21802,684.0
21805,1000.0
21809,1350.0
21810,1400.0
21813,3.0
21814,5.0
21815,7.0
21817,650.0
21822,4267.0
21823,3341.0
21842,115.759184
21896,4000.0
21924,1278.444444
21938,400.0
21939,91.43
21940,18.0
21941,32.0
21958,56.221667
21959,37.43
21963,12000.0
21999,49.59
22009,342.0
22023,10500.0
22092,10.741579
22093,10788.0
22094,10788.0
22095,2950.07
22100,739.0
22101,550.0
22102,48.24
22118,1050.0
22146,28.5
22147,1601.572327
22151,126.25
22159,16.930909
22167,13400.0
22169,1333.333333
22170,0.444444
22176,50.0
22177,290.0
22178,350.0
22179,361.111111
22180,349.166667
22181,371.666667
22182,330.0
22183,100.5
22188,32.49
22191,455.401786
22192,75.637895
22201,850.0
22211,12000.0
22217,24.7
22228,114.364333
22231,904.170274
22232,48.688929
22233,51.526333
22237,1025.0
22238,32.900833
22239,51.253134
22240,665.0
22241,63.0
22242,26.425946
22246,1364.846663
22249,202.5
22251,78.3
22258,12000.0
22259,4429.0
22336,858.4
22347,47.259792
22350,53.21
22351,36.246667
22352,183.88
22354,77.0
22358,576.67
22359,391.67
22360,201.9
22361,905.0
22362,39.643913
22366,2088.0
22367,3000.0
22368,2620.4
22373,435.977143
22376,300.0
22382,737.903226
22384,16500.0
22388,980.26
22391,16.2
22392,72.483254
22393,36.672368
22396,185000.0
22397,72000.0
22398,1000.44186
22399,18.0
22400,642.564103
22409,1522.55
22411,29227.373333
22412,8000.0
22413,350.0
22414,10000.0
22454,86.508
22455,254.9
22456,85.0
22457,199.297381
22458,317.741935
22459,117.5992
22464,6500.0
22465,18.0
22472,1133.22
22473,561.522143
22475,136.827037
22477,21.0025
22478,4363.636364
22485,20.25
22486,1000.0
22488,462.0
22489,48.766667
22490,3.833333
22491,9500.0
22492,97000.0
22497,113.714286
22498,30.23
22499,430.143333
22500,9.582857
22502,127.93
22529,735.0
22532,39000.0
22545,500.0
22546,500.0
22551,8955.0
22552,224.388889
22560,49.347826
22566,49.209611
22568,168.15
22571,49.5
22581,380000.0
22582,42000.0
22583,7500.0
22584,18500.0
22585,1000.8
22588,52.590494
22590,150.68
22591,44.85
22592,1450.0
22593,430.0
22594,460.0
22595,16500.0
22596,430.0
22597,6500.0
22598,1960.0
22600,944.49
22605,966.868421
22612,266.04878
22613,10005.0
22614,9995.0
22615,18995.0
22616,1480.121321
22641,5000.0
22642,30.41382
22643,160.0
22644,748.797514
22645,27.0
22646,28.5
22652,28071.615
22654,11000.0
22655,8000.0
22656,1000.0
22662,1237.142857
22669,1370.876364
22670,1890.0
22671,77.041883
22673,3900.0
22674,4556.25
22676,450.0
22683,79.903226
22693,38683.43625
22697,62.39
22698,14400.0
22699,14400.0
22726,39.119167
22727,35.23
22728,56.632174
22729,63.397273
22735,140.0
22736,345.0
22737,325.0
22738,7000.0
22740,39000.0
22745,230.0
22746,5000.0
22747,5000.0
22748,5000.0
22750,1392.0
22751,1350.0
22761,3067.49381
22762,285.0
22763,563.333333
22765,213.245
22766,390.071429
22767,65.492105
22768,87.764565
22769,973.8
22770,1951.142857
22773,1.013495
22774,940.0
22775,237.5
22776,471.875
22777,942.857143
22778,80.0
22779,80.0
22780,43.26
22784,330.0
22785,385.0
22786,144.0
22796,35000.0
22802,51.0
22807,2400.0
22809,64.272727
22835,2296.8
22844,3500.0
22845,1000.0
22854,25.268293
22867,35000.0
22899,2500.0
22918,41.6
22921,350.0
22947,15.83
22948,10.223529
22950,46.0
22955,416.015625
22974,40.679
23017,246.5
23018,281.01
23041,7800.0
23042,4916.666667
23050,18500.0
23051,18500.0
23052,16500.0
23055,33.456667
23056,50.037857
23057,550.0
23066,2800.0
23067,4983.333333
23092,2230.105263
23093,136.67
23094,1186.217842
23095,325.73
23115,4000.0
23126,1000.0
23127,1070.0
23128,5.33
23129,8.926
23131,400.0
23132,800.0
23138,1995.0
23139,39115.0
23140,39870.0
23157,675.0
23158,84.6
23187,2.515313
23225,2750000.0
23232,29.464
23239,20.63303
23255,150.0
23256,20.95
23262,20.1
23275,1500.0
23276,1211.764706
23277,2000.0
23309,33500.0
23314,350.0
23321,500.0
23329,63.0
23330,180.0
23331,398.0
23334,11000.0
23336,535.0
23337,224.0
23338,406.3
23339,24500.0
23340,6500.0
23341,285.0
23342,250.0
23345,573.484848
23354,9.75
23355,29995.0
23356,38995.0
23386,3500.0
23387,3750.0
23388,4000.0
23399,17.86
23403,117.3
23404,71.07
23405,11.805
23406,19.188462
23407,44.34
23408,56.34
23409,16.13
23410,22.018519
23411,599.347525
23414,907.359355
23417,171.035714
23418,43750.0
23420,18548.4
23424,77.833333
23431,314.202899
23435,432.244545
23436,1077.59
23458,556.2
23463,165.0
23464,37.559179
23465,38.175
23466,7373.396512
23467,20880.0
23468,349.142857
23469,15.754247
23484,28500.0
23493,265.0
23499,17342.0
23500,7540.0
23524,1972.0
23525,581.0625
23533,51.75
23534,24.535366
23536,877.8
23537,12.95
23538,50.91
23539,124.68
23540,63.125
23541,89.4
23542,80.833333
23543,49.33
23544,18.82
23545,200.0
23546,8.61
23547,40.63
23548,80.0
23549,7.940952
23572,7540.0
23573,7540.0
23574,12064.0
23575,13572.0
23576,13572.0
23587,15780.0
23588,28800.0
23589,24500.0
23590,8500.0
23591,18000.0
23592,21500.0
23593,8800.0
23599,446.733333
23621,20800.0
23651,3400.0
23652,9802.0
23653,13572.0
23654,4500.0
23658,41699.4
23659,57.88
23660,477.0
23661,638.4
23662,450.0
23663,450.0
23664,450.0
23665,450.0
23666,450.0
23667,450.0
23672,464.17
23673,106.25
23674,1042.5
23675,5008.333333
23679,80.162658
23689,90.0
23697,250.0
23726,648.418627
23733,81.399444
23742,2468.181818
23743,1800.0
23744,2500.0
23749,24.0
23750,43.522857
23756,738.0
23757,4500.0
23779,42.53
23780,29.25
23781,350.0
23782,350.0
23783,330.0
23784,330.0
23785,330.0
23787,190.0
23788,939.166667
23824,2112.5
23825,18.0
23857,6562.5
23858,13595.0
23859,503.5
23860,495.272727
23920,39.44
23924,5321.828571
23931,62.5
23942,3400.0
23944,2700.0
23946,6055.2
23947,82.62
23948,54.0
23949,235000.0
23951,24500.0
23954,21.143467
23955,1057.142857
23956,850.0
23958,8.75
23959,8.75
23960,257.844355
23961,35.0
23962,43.33
23963,60.0
23964,45.0
23965,150.625
23967,21.43
23996,51.3
23997,155.38
23998,216.0
23999,43.1
24001,55.5
24002,4000.0
24019,349.0
24031,1000.0
24067,150.0
24147,2824.0
24150,720.0
24151,34.912424
24153,155.0
24154,85.0
24155,1097.727273
24156,370000.0
24157,480.0
24158,1000.0
24159,22000.0
24169,300.228261
24170,30.81
24171,28.8
24172,191.4
24173,78.0
24174,29.25
24176,111.744
24177,685.9575
24181,316.0
24229,43.33
24230,60.67
24231,117.34
24232,28.2
24233,15.0
24234,55.5
24236,2500.0
24251,736.2
24255,77.0
24265,685.517241
24290,2050.0
24293,30000.0
24302,4074.62
24303,1294.2
24307,11600.0
24308,499.99
24314,3500.0
24320,6500.0
24321,3500.0
24326,90.0
24329,9261.2
24330,11648.0
24331,5806.666667
24332,20600.0
24334,18676.0
24335,18676.0
24336,18954.0
24337,8798.4
24338,7193.333333
24339,7193.333333
24340,11700.0
24341,14560.0
24397,107.0325
24406,93.18
24414,15583.333333
24415,3000.0
24443,230.0
24449,71.67
24451,1.0
24457,716.794697
24458,7.0
24460,32.71
24466,2610.4
24467,9.17
24468,12.432155
24469,8.33
24470,16.67
24512,1600.95
24514,430.409565
24517,1.0
24518,1.0
24522,1.0
24528,60.45
24529,90.0
24530,31.67
24533,675.0
24542,18.75
24553,9800.0
24559,388.45
24566,22.635789
24570,6720.0
24571,23.68
24607,18.0
24608,12.0
24610,110.306667
24616,2000.0
24617,360.0
24618,24.12
24619,270.892857
24622,850.0
24623,51.93
24624,699.2
24625,99.611111
24633,260.0
24638,1608.461538
24639,855.0
24641,250000.0
24642,6032.0
24643,6032.0
24645,58.33
24646,70.5
24650,3636.782
24651,208.33
24654,47247.5
24655,1045.0
24721,7500.0
24726,1.0
24727,5000.0
24729,6000.0
24730,8500.0
24731,1785.714286
24734,2906.99
24735,138.3525
24760,1450.0
24763,52.58
24764,93.03
24772,71.79
24773,100.53
24774,82.5
24775,198.21
24792,4252.5
24795,127.0
24811,42.24
24812,21.6
24813,353.929167
24814,60.666667
24817,39.286667
24818,51.186667
24821,16500.0
24825,3250.0
24826,2500.0
24828,0.838095
24834,50.0
24842,34.8
24843,18.145
24855,5000.0
24866,774.72
24867,332.5
24868,124.74
24869,9.54
24870,486.556667
24872,58.82
24873,50.555
24874,91.686667
24875,173.54
24882,421.25
24883,447.914894
24884,46.39
24889,
24890,
24891,
24893,1110.0
24939,156.885714
24967,88.773585
25001,13.33
25014,9200.0
25015,10000.0
25016,14000.0
25019,1091.0
25020,371.0
25024,48.0
25025,73.5
25026,1268.175333
25027,315.330709
25028,268.804878
25033,1.79
25036,57.0
25049,1620.0
25060,8500.0
25064,800.0
25065,46.49
25066,161.0
25068,2478.214286
25069,51.0
25093,15000.0
25094,584.618462
25095,4200.0
25096,4200.0
25100,98.52459
25101,25.543478
25103,10000.0
25106,52.8
25107,87000.0
25109,87000.0
25111,1.964935
25113,173.33
25115,487.5
25117,1250.0
25124,538.446
25129,1649.69
25131,28500.0
25134,895.5
25135,29.698
25137,34.0
25213,2800.0
25224,1031.25
25225,1033.333333
25240,552.5
25253,1.0
25254,1.0
25255,1.0
25256,10440.0
25257,7650.0
25258,884.0
25276,47.685897
25277,450.0
25278,560.0
25279,210.0
25280,123.33
25281,20.0
25282,168.33
25283,1090.350877
25284,34.0
25285,8.2
25286,28.75
25287,29.17
25288,3.4
25289,18.89
25290,7.8
25303,274.0
25305,1050.0
25306,1368.8
25328,14000.0
25360,32.33
25426,24970.0
25439,550.0
25440,214.285714
25445,87.5
25446,21.25
25447,1.0
25452,135.0
25464,173.67
25465,311.31
25466,171.5
25468,1.0
25469,63.083333
25470,67.333333
25471,800.0
25474,150.0
25475,150.0
25478,300.0
25482,163.4
25483,2078000.0
25489,11600.0
25490,430.56
25496,7500.0
25497,33.33
25498,60.0
25501,255.0
25502,212.5
25512,102.5
25513,200.0
25515,10.8
25529,1000.0
25530,43.33
25531,18.57
25532,52.21
25533,195.0
25534,190.0
25535,330.0
25536,603.03
25538,139.17
25539,300.0
25540,135.83
25541,70.42
25542,6100.0
25543,290.0
25553,1450.0
25564,115.0
25565,20810.4
25566,42224.0
25567,24128.0
25568,42224.0
25569,13572.0
25570,3420.0
25576,10.0
25577,5.31
25592,3.4
25672,55.62375
25673,950.0
25677,200.0
25680,400.0
25681,5.0
25682,6.0
25694,490.0
25718,200.0
25719,100.0
25720,250.0
25727,489.0
25728,61.25
25729,598.4
25739,27.921692
25740,83.33
25742,1.0
25744,1.0
25745,1.0
25746,8000.0
25747,210.0
25748,210.0
25749,301.538462
25750,1800.0
25751,1800.0
25752,600.0
25753,600.0
25754,600.0
25772,133.62
25786,182.0
25788,98.94
25791,8500.0
25793,11200.0
25794,850.0
25795,31.11
25801,1380.0
25802,1380.0
25803,1380.0
25810,67.0
25811,28.33
25813,512.5
25815,320.0
25817,570.0
25819,10.0
25820,300.0
25821,400.0
25822,315.0
25823,140.0
25824,6.0
25825,2.0
25828,27.84
25835,90.0
25836,274.32
25837,694.8
25838,1026.580952
25839,52.91
25856,15.0
25888,4000.0
25899,50.0
25900,31.5
25902,14000.0
25903,28000.0
25904,15000.0
25908,3.7
25910,26.43
25911,41.7
25912,24.43
25918,16500.0
25919,16500.0
25920,100.0
25925,67000.0
25938,3000.0
